{"sane": true, "normalizes": true, "log_prob": -802.1205444335938, "avg_log_prob": -1.6042410888671874, "perplexity": 4.974083282796458}